{"version":1,"desktops":[{"title":"desktop-1","items":[{"uid":"D4SYRM1p6ec8N2O0rcKWAtHa","secret":true,"x":0.18125,"y":0.211111111111111,"w":0.169791666666667,"h":0.375925925925926},{"uid":"4GSVerPl1PJsfsVxYoENUggj","secret":false,"x":0.361979166666667,"y":0.214814814814815,"w":0.169791666666667,"h":0.375925925925926}]}]}