{"version":1,"desktops":[{"title":"desktop-1","items":[{"uid":"D4SYRM1p6ec8N2O0rcKWAtHa","secret":true,"x":0.190104166666667,"y":0.172222222222222,"w":0.169791666666667,"h":0.375925925925926},{"uid":"4GSVerPl1PJsfsVxYoENUggj","secret":false,"x":0.319791666666667,"y":0.721296296296296,"w":0.2703125,"h":0.116666666666667}]}]}