{"version":1,"desktops":[{"title":"desktop-1","items":[{"uid":"I9iGNLZZ5gbFOYLKRnhXkhTA","secret":false,"x":0.141145833333333,"y":0.226851851851852,"w":0.169791666666667,"h":0.375925925925926}]}]}